username, created_at, lng, lat, text
TheDonDrew, Fri Apr 24 02:00:27 +0000 2020, -74.162658, 40.792103, YES!!! Don‚Äôt specialize your kids.
sonopiyochan, Fri Apr 24 02:00:28 +0000 2020, -73.968542, 40.780709, @arumakanyc Á¥†ÊïµÁ¥†ÊïµÔºÅÔºÅÊú¨ÂΩì„ÄÅ„ÅÇ„Çä„Åå„Åü„ÅÑ„Åß„Åô„Å≠üò≠„Åä„Åæ„ÇÅ„Åï„Çì„ÇÇÊïô„Åà„Å¶„ÅÑ„Åü„Å†„Åç„ÅÇ„Çä„Åå„Å®„ÅÜ„Åî„Åñ„ÅÑ„Åæ„ÅôÔºÅ„ÅÑ„Å§Èñã„Åè„ÅÆ„ÅãÂàÜ„Åã„Çâ„ÅöÁÑ¶„Å£„Å¶„Åü„ÅÆ„ÅßÔºÅ
KenKraetzer, Fri Apr 24 02:00:28 +0000 2020, -73.754737, 41.026204, We work to help women in business 1. Improve skills2. Be entrepreneurial3. Improve wellness4. Those in transiti‚Ä¶ https://t.co/Ubm5xDM7Ee
velez_melitza, Fri Apr 24 02:00:28 +0000 2020, -75.483936, 40.591825, It‚Äôs crazy how much I feel Him move ü•∞
tiffanymariexx3, Fri Apr 24 02:00:29 +0000 2020, -73.948775, 40.655138, @ilovetoby945 You can‚Äôt pee and sing at the same time ü§∑üèΩ‚Äç‚ôÄÔ∏è
RobertBurnsTV, Fri Apr 24 02:00:29 +0000 2020, -77.641937, 43.057039, @OmarKelly Leave it to a Tom Brady lead team to screw the #Dolphins again
MaryAnnReilly, Fri Apr 24 02:00:29 +0000 2020, -74.347306, 40.999047, @Acyn Into the lungs!
TheNorthwest, Fri Apr 24 02:00:30 +0000 2020, -73.586063, 40.861779, Glad to keep you comfy during the draft! #NFLDraft #Northwest
gunclemicah, Fri Apr 24 02:00:30 +0000 2020, -73.652927, 42.670703, What the actual fuck
bettyelfeo, Fri Apr 24 02:00:31 +0000 2020, -73.948775, 40.655138, honestly now is not the time to have suspended azealia banks‚Äô account
StephanJulie, Fri Apr 24 02:00:31 +0000 2020, -79.913521, 43.260695, Drafting defence &gt;&gt;&gt;&gt; Wide Receivers
JenSekella, Fri Apr 24 02:00:31 +0000 2020, -76.846078, 42.089410, She has got to be insane.
GalloDelNorte, Fri Apr 24 02:00:31 +0000 2020, -73.948775, 40.655138, White people be so ignorant
Mbarnes_31, Fri Apr 24 02:00:32 +0000 2020, -74.374732, 41.487740, Wow!!!!
mandijuliet, Fri Apr 24 02:00:32 +0000 2020, -72.881573, 41.599006, my brother tried telling me kids cant read analog clocks so theyre replacing them with digitals in schools?? ü•¥ü•¥
RAQUELINFANTE2, Fri Apr 24 02:00:32 +0000 2020, -74.006400, 40.714200, Hoy nuestro invitado en Pa‚Äôque te enteres con Raquel Infante fue el Guante de Oro de LN hace unos a√±os‚Ä¶ https://t.co/OqBXljvhXN
eaglesnest365, Fri Apr 24 02:00:32 +0000 2020, -77.604684, 41.117936, @skyepaul0925 Im thinking jeudy slipping cause of those reports of his knee .. But i think Jefferson makes it to 21
bigfACEs_06, Fri Apr 24 02:00:33 +0000 2020, -73.948775, 40.655138, Good god
igobyLu, Fri Apr 24 02:00:33 +0000 2020, -78.948208, 43.748102, @BrownViolate This part made me soooo Happy üòÇüòÇ
YvesDarbouze, Fri Apr 24 02:00:33 +0000 2020, -73.948775, 40.655138, I love this pick.  He steam rolls DL
_asherfrost, Fri Apr 24 02:00:33 +0000 2020, -73.849441, 40.850347, @urbestenemy It‚Äôs remind me of eve lol https://t.co/tmIyqMkOS8
Walker72491075, Fri Apr 24 02:00:34 +0000 2020, -79.272570, 43.629311, @cnni @NYGovCuomo Good to hear Americans facing the fact and think logically but not politically.
cowgurlsnack, Fri Apr 24 02:00:34 +0000 2020, -73.968542, 40.780709, @omgimwigs Tru
RDB1221, Fri Apr 24 02:00:33 +0000 2020, -73.831187, 40.670879, @GermanyTrump @ACTBrigitte @realDonaldTrump Soooooo many dreamers https://t.co/8n30QYYV2w
queenazsa, Fri Apr 24 02:00:34 +0000 2020, -73.948775, 40.655138, What a jackass!!!!!!!
stevenmarino16, Fri Apr 24 02:00:34 +0000 2020, -74.153947, 40.572376, @nyjets trade up
kilokews, Fri Apr 24 02:00:34 +0000 2020, -73.968542, 40.780709, You sick af, One Peice storyline is remarkable
Scamron_Giles, Fri Apr 24 02:00:34 +0000 2020, -73.968542, 40.780709, @RoGunnz You know me?!?
PhireIsland, Fri Apr 24 02:00:34 +0000 2020, -72.929158, 41.298394, @chasethelynn Aiight Miss, you got this. How was ya day? You ate?
LatroyCount, Fri Apr 24 02:00:35 +0000 2020, -73.022108, 41.566578, https://t.co/GqVAB8IOdA
alixgomes_, Fri Apr 24 02:00:36 +0000 2020, -75.770041, 42.746617, YES!!! JAVON!!! CAROLINA BABYYYYYY!!!
JTsMomma2Juan0, Fri Apr 24 02:00:36 +0000 2020, -73.849441, 40.850347, Nice pick but I‚Äôm shocked the Niners didn‚Äôt take a WR...they must think they can nab one at 31
hiijennx, Fri Apr 24 02:00:37 +0000 2020, -78.748399, 42.907207, WOW I HAVE CHILLS FROM THAT POLAROID. It looks like a mask. What an amazing episode @Zak_Bagans @GhostAdventures‚Ä¶ https://t.co/VqbhbDwdB0
sustopramen_, Fri Apr 24 02:00:37 +0000 2020, -73.948775, 40.655138, @Playboypeanut Salt, black pepper, cayenne pepper, paprika, garlic, onion powder, dab ah milk to keep it fluffy and‚Ä¶ https://t.co/GeU8eAItpI
pjmcginnis, Fri Apr 24 02:00:37 +0000 2020, -73.968542, 40.780709, They should also punish those firms that shouldn‚Äôt have taken the cash.
KatherineDines, Fri Apr 24 02:00:37 +0000 2020, -75.800141, 45.248791, @NightShiftMD @MrsLoulou I am more thankful everyday to live in beautiful Canada üá®üá¶
leandranikont, Fri Apr 24 02:00:37 +0000 2020, -73.968542, 40.780709, @MNikont Y
MDS192231592791, Fri Apr 24 02:00:38 +0000 2020, -73.561322, 40.745241, @DolphinsTalk Reunion in Miami?
Dina_Xtreme, Fri Apr 24 02:00:38 +0000 2020, -72.545584, 42.113062, New video up! Check it out! Refilling manual transmission fluid in 94-04 Chevy S10 2.2 https://t.co/JzxkPl88GQ via @YouTube
Bispochick, Fri Apr 24 02:00:38 +0000 2020, -73.127800, 40.807467, My heart breaks for my husband during this time . My father Inlaw is in the hospital on a vent ( not covid ) and we‚Ä¶ https://t.co/FzMakjnlMY
CrankyJohnny, Fri Apr 24 02:00:38 +0000 2020, -74.891064, 40.649558, Supposedly from a Chinese doctor. Any speculation is just that though. #NorthKorea #KimJongUn
NickMartorano02, Fri Apr 24 02:00:38 +0000 2020, -73.362771, 40.705082, EAGLES TRADE UP!!!! CEEDEE LAMB IS STILL AVAILABLE!!!!
NicholasCrimi, Fri Apr 24 02:00:40 +0000 2020, -74.153947, 40.572376, üôåüèªüôåüèª
southboy_717, Fri Apr 24 02:00:40 +0000 2020, -77.604684, 41.117936, Ayee Yooo üòÇüòÇüòÇüòÇüòÇ‚ùóÔ∏è‚ùóÔ∏è‚ùóÔ∏è‚ùóÔ∏è
Jazzymariexo, Fri Apr 24 02:00:40 +0000 2020, -79.189872, 45.047623, Hello beautifulüò≠üòç
WoelAJilliams, Fri Apr 24 02:00:40 +0000 2020, -73.968542, 40.780709, @mharakal And the podcast microphone!!!
joshjelonek, Fri Apr 24 02:00:41 +0000 2020, -78.661700, 42.918100, Drinking a LAX2JFK in the Clouds (2020) by @OtherHalfNYC/@monkishbrewing @ Bar Jelonek ‚Äî https://t.co/ChDptnPzAl
Embrace_The_DJZ, Fri Apr 24 02:00:41 +0000 2020, -72.536101, 41.302372, Elway breathing a sigh of relief. Jeudy has to be here
BrettHaynie, Fri Apr 24 02:00:42 +0000 2020, -73.968542, 40.780709, Will and I are taking tonight for ourselves but he keeps wandering in to check on me üòÇüò≠üíï
GooseyMane, Fri Apr 24 02:00:42 +0000 2020, -73.968542, 40.780709, @no_lloydering I want that headache.
SohnsTed, Fri Apr 24 02:00:42 +0000 2020, -77.604684, 41.117936, @PinkBearSugar Certainly not a ninja.
DrewVanWagenen, Fri Apr 24 02:00:42 +0000 2020, -73.722672, 42.712015, For my fellow @audi fans... here‚Äôs how to spot from a distance a 2019-2020 #Audi #A6‚Äôs engine from a distance. The‚Ä¶ https://t.co/DlzHXJVd42
richardmcgovern, Fri Apr 24 02:00:43 +0000 2020, -77.604684, 41.117936, You should be allowed to turn in your pick, and remove another teams pick as well.  Like the Eagles could choose no‚Ä¶ https://t.co/x8Vy6VwslI
Dianephelan, Fri Apr 24 02:00:43 +0000 2020, -73.968542, 40.780709, Friends, Allies- can you do us a favor? There is a racist we need help with reporting: https://t.co/zdV5RHbV4O
90s_nathan, Fri Apr 24 02:00:44 +0000 2020, -79.272570, 43.629311, Who you got for me
debschleede, Fri Apr 24 02:00:45 +0000 2020, -75.770041, 42.746617, My Spotify Daily Mix just went from Backstreet Boys to Rammstein. NAILED IT.
dianamchard, Fri Apr 24 02:00:46 +0000 2020, -77.354506, 44.239795, @rocketfromthe https://t.co/uhte3XLq3Z
philbutta, Fri Apr 24 02:00:46 +0000 2020, -75.770041, 42.746617, @DesignationSix When America was great ... and soon we will be great again. A great rain will wash the streets clea‚Ä¶ https://t.co/SVr4lKyS39
broncosvisualz, Fri Apr 24 02:00:47 +0000 2020, -79.565792, 43.837104, ELWAY PLEASE PICK A WR
karldpeterson, Fri Apr 24 02:00:48 +0000 2020, -78.423585, 41.023115, When are they going to add pool jumping to the combine? #NFLDraft2020
RootlessYouth, Fri Apr 24 02:00:48 +0000 2020, -73.968542, 40.780709, Doing zoom karaoke is a beautiful train wreck with my family
LamarMF, Fri Apr 24 02:00:49 +0000 2020, -73.831187, 40.670879, Woooooooooooooooooooooooooooowwwww
paulakalnina_, Fri Apr 24 02:00:49 +0000 2020, -79.272570, 43.629311, We do not inherit the Earth from our ancestors. We borrow it from our children üíôüåé
ricnun1819, Fri Apr 24 02:00:49 +0000 2020, -77.604684, 41.117936, https://t.co/bGS5lq3GvB
Danno2430, Fri Apr 24 02:00:50 +0000 2020, -73.948775, 40.655138, Javon Kinlaw‚Äôs couch looks so comfortable, thus he will be a good nfl player
TheJachim, Fri Apr 24 02:00:50 +0000 2020, -76.116489, 43.175639, @BenOffTV Oh I'd say that's totally worth it then.
WEST_side5, Fri Apr 24 02:00:50 +0000 2020, -77.604684, 41.117936, @CORR_slight NEEEEDDDDD HIM
JulioVa55694513, Fri Apr 24 02:00:51 +0000 2020, -73.831187, 40.670879, The ids is a monster
lilyroseee4, Fri Apr 24 02:00:51 +0000 2020, -77.604684, 41.117936, It is 10:00 pm and I am craving a chicken Cesar salad from Panera with a strawberry banana smoothie. What have I turned into?
SD_Washington, Fri Apr 24 02:00:51 +0000 2020, -73.705360, 40.725077, @49ers pick #javonkinlaw #NFLDraft
FeaturingPBJ, Fri Apr 24 02:00:51 +0000 2020, -73.749682, 40.677692, Told you so much about tweet
visitpama, Fri Apr 24 02:00:51 +0000 2020, -79.943748, 43.523123, Keep celebrating #WorldBookDay with this year's FREE, DIGITAL Festival of Literary Diversity Apr 30 to May 3‚Ä¶ https://t.co/HNvfKyMgPP
VeniseBaxter, Fri Apr 24 02:00:52 +0000 2020, -74.267979, 40.736985, Wyatt and this old a** lady... this is gross. #Ozarks
Capn_Lynnsano, Fri Apr 24 02:00:52 +0000 2020, -77.604684, 41.117936, The 49ers will be the scariest team in the NFC for the next decade
RJ24Terp, Fri Apr 24 02:00:52 +0000 2020, -74.724323, 40.073041, WHAT THE FUCKING FUCKKKKK
MrCollymore, Fri Apr 24 02:00:53 +0000 2020, -73.948775, 40.655138, YOU PICKED KINLAW OVER LAMB AND JEUDY?!!!!!!! @49ers
0H__I0, Fri Apr 24 02:00:54 +0000 2020, -77.604684, 41.117936, @drinkwhiskey71 @ClayTravis Than
scho_nuff, Fri Apr 24 02:00:54 +0000 2020, -73.968542, 40.780709, @tessa_ryleigh Dammit!!..... Then!
jdoggny, Fri Apr 24 02:00:54 +0000 2020, -73.948775, 40.655138, @brianbeutler https://t.co/s3EXwN5fHw
JohnMontis, Fri Apr 24 02:00:55 +0000 2020, -77.562436, 40.635586, @GOPChairwoman @realDonaldTrump That‚Äôs liberals definition of inclusive
ant9179, Fri Apr 24 02:00:55 +0000 2020, -73.126209, 41.207828, @deityquis Lmao come on now that‚Äôs in my top 5, kenshin, berzerk, cowboy bebop even tho some deem it boring I rewat‚Ä¶ https://t.co/LqcvArALQk
jtw_ngc98, Fri Apr 24 02:00:55 +0000 2020, -75.770041, 42.746617, A couple of years ago I found my notes from @us_sams oral comps prep (2008). They seem apropos this time each year.‚Ä¶ https://t.co/B6WHnXZyfA
lapresmidi, Fri Apr 24 02:00:55 +0000 2020, -73.948775, 40.655138, @lizzieohreally https://t.co/vVozFEzKGU
GraceMonteleone, Fri Apr 24 02:00:55 +0000 2020, -74.286884, 41.040597, i gotta google dollar stores bc i fucked up my whole phone algorithm by searching Harry Winston rings. - @jackieee1821
ColoradoFoothil, Fri Apr 24 02:00:55 +0000 2020, -78.748399, 42.907207, @CNN A wolf in sheep‚Äôs clothing
wadezanc27, Fri Apr 24 02:00:56 +0000 2020, -75.699505, 44.600669, The 49ers: Trade DL for 13th overall to get cheaper at the spot.Also the 49ers: Spend the 13th pick on a DL.Gotta love it.
dayraaaaaaaa, Fri Apr 24 02:00:56 +0000 2020, -73.849441, 40.850347, As I‚Äôve gotten older being a mother is definitely a goal of mine. Around 18/19 I really didn‚Äôt think I should be a‚Ä¶ https://t.co/2rSngWelhX
Travis_Statham, Fri Apr 24 02:00:56 +0000 2020, -73.948775, 40.655138, @danielbiblenerd @Elishabenabuya How many people did god kill because he didn‚Äôt love them? All of them. Thanks god.
shawnmicallef, Fri Apr 24 02:00:56 +0000 2020, -79.405885, 43.638355, A fort https://t.co/BLpSL1WOWB
berkdahjerk, Fri Apr 24 02:00:57 +0000 2020, -72.920917, 41.393470, Why his father roll off the couch like that lmao
SeanWats, Fri Apr 24 02:00:57 +0000 2020, -77.604684, 41.117936, Most violent player in the draft.  I like that quality.
UFOA854, Fri Apr 24 02:00:57 +0000 2020, -73.831187, 40.670879, Awesome tribute to the doctors, nurses, staff and patients at NYPres. Downtown tonight
GopDog, Fri Apr 24 02:00:57 +0000 2020, -73.968542, 40.780709, Be informed...Here‚Äôs a show for you‚Ä¶ Welcome Taiwan to the community of nations #in-the-time-of-the-virus. Michael‚Ä¶ https://t.co/NOcfpI6zUW
nimmohoes, Fri Apr 24 02:00:57 +0000 2020, -74.184848, 40.734494, 10 lmaooo.
PS60si, Fri Apr 24 02:00:57 +0000 2020, -74.153947, 40.572376, Today‚Äôs #spiritweek theme was #jerseyday ! ‚öΩÔ∏èüèÄüèà‚öæÔ∏èü•é @ps60 we DEFINITELY have #teampride ! #remotelearning @SIBOD31‚Ä¶ https://t.co/Su4l3orqll
PalaceofVictor, Fri Apr 24 02:00:58 +0000 2020, -76.473111, 44.320833, Niners grab interior d-lineman to replace the one they traded for that pick. Makes sense although shocked they didn‚Äôt go receiver
idkefrain, Fri Apr 24 02:00:58 +0000 2020, -73.948775, 40.655138, 49ers do not need more linemen they need a wideout, why did they just do that
SDavidsonWKTV, Fri Apr 24 02:00:59 +0000 2020, -75.770041, 42.746617, @JasonPowles @BillKardas My terrible hiding spot exposed.
NicholasCrimi, Fri Apr 24 02:01:00 +0000 2020, -74.153947, 40.572376, üî•üî•üî•üî•
hftjobs, Fri Apr 24 02:01:00 +0000 2020, -77.590404, 43.198234, This job might be a great fit for you: Retail Stocking Supervisor - https://t.co/ggql0GhCBS #Sales #Rochester, NY
allyzielinski, Fri Apr 24 02:01:00 +0000 2020, -75.770041, 42.746617, 5. there hasn‚Äôt been an artist that i‚Äôve listened to consistently growing up and now into being an adult :/
ingridphilipp, Fri Apr 24 02:01:01 +0000 2020, -79.272570, 43.629311, Shouldn‚Äôt we wait till he drinks some bleach?
amerkshockey19, Fri Apr 24 02:01:01 +0000 2020, -77.712567, 43.162659, Bucs keep stackin and stackin man shits crazy I can‚Äôt wait to see Wirfs this upcoming season
yeralizard, Fri Apr 24 02:01:01 +0000 2020, -73.660905, 43.333512, @breethemidwife @NerdyNurse41 I wondered that too! I never noticed  before.
511NY, Fri Apr 24 02:01:02 +0000 2020, -78.791309, 42.820614, Construction on #I90NYSThruway EB from After Exit 55 (I-90) - Orchard Pk (US 219) to Before Exit 50 (I-90) - Willia‚Ä¶ https://t.co/oWGdsrgsIs
SiiireYKMG, Fri Apr 24 02:01:02 +0000 2020, -77.904653, 40.802836, @Cyht_ Thank you üòÇüòÇüòÇ but right now we come at other Philly niggas because we about to be oss this year . What‚Äôs up with your Pats tho ?!üëÄ
LivvBrokaw, Fri Apr 24 02:00:57 +0000 2020, -74.366409, 40.639702, @_coach_chris I must try this. Never heard of it. Think I can find it in jersey
badgalcharlee, Fri Apr 24 02:01:02 +0000 2020, -73.831187, 40.670879, I be talking shit but I wanna feel real love one day
mwolfers, Fri Apr 24 02:01:03 +0000 2020, -78.747369, 42.767702, @ashleyn1cole Yes
BWDaugherty, Fri Apr 24 02:01:03 +0000 2020, -71.566171, 44.001230, @RemindMe_OfThis in 19 days.
gtbouts, Fri Apr 24 02:01:03 +0000 2020, -73.704938, 40.662135, It's time we just accept the fact that @realDonaldTrump sounds fucking crazy because he is FUCKING CRAZY
JanelleMeg, Fri Apr 24 02:01:04 +0000 2020, -73.948775, 40.655138, What's up with European boys and these emojis üëèüôå? They use it every 5 seconds
90s_nathan, Fri Apr 24 02:01:04 +0000 2020, -79.272570, 43.629311, Yesssssir üî•
dave_smoove_, Fri Apr 24 02:01:04 +0000 2020, -73.964812, 41.198171, @ismaelauguste Heavy on that, no cap but the bond sheff and sleepy got remind me a lot like the bond BIG and Puff had
SherryAske, Fri Apr 24 02:01:04 +0000 2020, -75.800141, 45.248791, COVID-500 https://t.co/Z4SqGF1x9O
PadillasSteven, Fri Apr 24 02:01:04 +0000 2020, -77.604684, 41.117936, Falcons trading back. Holy fuck. Extra picks baby.
gabiipdo, Fri Apr 24 02:01:04 +0000 2020, -73.412972, 41.568145, @josembarretx Meu sonho se caso ele ganhe msm alguma delas falar. Uma palha√ßada isso
511nyWNY, Fri Apr 24 02:01:04 +0000 2020, -78.791309, 42.820614, Construction on #I90NYSThruway EB from After Exit 55 (I-90) - Orchard Pk (US 219) to Before Exit 50 (I-90) - Willia‚Ä¶ https://t.co/ElsFbcqHVD
FrenchGold, Fri Apr 24 02:01:05 +0000 2020, -73.948775, 40.655138, @slaylewisss ‚ù§Ô∏è https://t.co/JnKvux0ND7
ATxFellow, Fri Apr 24 02:01:05 +0000 2020, -74.522323, 40.895556, @AnnaDsays I‚Äôm sending a prepaid mailer.
JHRinfrette, Fri Apr 24 02:01:05 +0000 2020, -78.653132, 41.970092, @ZigFracassi I like this draft format better
neondemon182, Fri Apr 24 02:01:05 +0000 2020, -77.604684, 41.117936, https://t.co/G6pw0Y73iP
Quaddyy_, Fri Apr 24 02:01:06 +0000 2020, -74.245455, 40.624274, Bruh what
Jsheehan83, Fri Apr 24 02:01:06 +0000 2020, -73.831187, 40.670879, #13 pick Tristan Wirfs is a great pick for the @Buccaneers and Tom Brady. You have to love a Iowa player who won a‚Ä¶ https://t.co/pSybYAN8SJ
Nugraha14582568, Fri Apr 24 02:01:06 +0000 2020, -73.948775, 40.655138, @Ky46W1 @KompasTV Makanya cari kerjaan yg boss nya merangkap jadi menteri üòÑüòÑüòÑ
Tha_Randy_Man_, Fri Apr 24 02:01:06 +0000 2020, -74.153947, 40.572376, @kylegriffin1 Left off for roomYour Dog 17%Las Vegas mayor 1%
natasha4ett1, Fri Apr 24 02:01:06 +0000 2020, -79.272570, 43.629311, @DrEizadirad @etfopresident @ETFOeducators One love üíï Ardavan . Truly deserving. Can‚Äôt wait to see where you soar
cpudimott, Fri Apr 24 02:01:07 +0000 2020, -74.632836, 40.501577, Joe Bros happy, I‚Äôm happy
irishrebelTFS, Fri Apr 24 02:01:07 +0000 2020, -80.181835, 38.920142, Did the @49ers lose one of its defenders?!  That great defense just got even better...yikes #NFLDraft #NFLDraft2020
JenniferJuneau1, Fri Apr 24 02:01:07 +0000 2020, -73.968542, 40.780709, Thank you ! UberChef USA now available on @SporkPress website @UberchefU #uberchefusa #novel #fiction #realitytv
yemeni19999, Fri Apr 24 02:01:08 +0000 2020, -73.831187, 40.670879, @mhrazzz6 @qussai_lt ŸäŸÖŸÜŸäŸá ÿßŸÜÿß ŸÖÿ™ÿßŸÉÿØ ÿπÿØŸÜŸäŸá ÿßŸà ÿ™ÿπÿ≤ŸäŸá
ricnun1819, Fri Apr 24 02:01:08 +0000 2020, -77.604684, 41.117936, Denver going WR
alexandro_papi, Fri Apr 24 02:01:08 +0000 2020, -73.849441, 40.850347, I forget how many hairstyles I be trying üòÇ https://t.co/nNsvbd0mSY
socialistbaddie, Fri Apr 24 02:01:09 +0000 2020, -77.604684, 41.117936, @xmarcksthespot david duchovny , we stan only x files in this house
NasMcFly, Fri Apr 24 02:01:09 +0000 2020, -73.849441, 40.850347, ‚ÄúYou ready to die for that pussy , I AM ‚Äú
wrenandglory, Fri Apr 24 02:01:09 +0000 2020, -74.006400, 40.714200, look we‚Äôre outside! jk jk still in bed but remembering this shoot + outdoors + life #dropout @ New York, New York https://t.co/1xt5x6NtXx
NazirStreater, Fri Apr 24 02:01:10 +0000 2020, -79.151553, 40.621319, Wassup w Jerry Jeudy??
itsmarlamaples, Fri Apr 24 02:01:10 +0000 2020, -74.006400, 40.714200, Expand our knowledge... listen ... learn ....share... Everyday this is my passion ü§çüíõüíú Thx for tuning in to mine &amp; D‚Ä¶ https://t.co/CZZEaIechp
jeffreyerlbaum, Fri Apr 24 02:01:10 +0000 2020, -77.604684, 41.117936, Booger, the pick is in!
niceandcut3, Fri Apr 24 02:01:10 +0000 2020, -73.831187, 40.670879, I‚Äôm pretty sure I‚Äôm just an amplified caricature of everything I hate
_LinzieRae_, Fri Apr 24 02:01:10 +0000 2020, -76.845282, 41.002348, Last night my friends and I were making DCP memes, and I have to say that I‚Äôm very proud of this one. https://t.co/y0x1IC4W8v
MikeVanriel2, Fri Apr 24 02:01:11 +0000 2020, -73.948775, 40.655138, Trump Claims Only Blue States Are Struggling With Coronavirus Fallout https://t.co/3A3pAOJ6TS via @politicususa
SuckMyLipStiick, Fri Apr 24 02:01:11 +0000 2020, -73.968542, 40.780709, Okay.. Now I‚Äôm crying.  #NFLDraft2020
_Hunter__Smith_, Fri Apr 24 02:01:11 +0000 2020, -74.118802, 40.936252, The Jets manü§£
pkrzy1853, Fri Apr 24 02:01:11 +0000 2020, -73.831187, 40.670879, Karambol??? 4 samochody?? ü§£ü§£ü§£ü§£ü§£ü§£Dobre!!!ü§£ü§£ü§£ü§£üòÜüòÜüòÜ
hiijennx, Fri Apr 24 02:01:11 +0000 2020, -78.748399, 42.907207, @StayshasWeird ‚ÄúThis is going in my museum!!!!‚Äù Hahahahahah
buffyblueny, Fri Apr 24 02:01:11 +0000 2020, -74.153947, 40.572376, OMFG!!!
eaglesnest365, Fri Apr 24 02:01:12 +0000 2020, -77.604684, 41.117936, @eagleyez317 I have a feeling if denver doesn't go to denver he might slip to us
SunshineSucks, Fri Apr 24 02:01:13 +0000 2020, -79.272570, 43.629311, @isabeldc @derek_risk Yes but give him a few to adjust to the platform.
JoshLandesWAMC, Fri Apr 24 02:01:14 +0000 2020, -73.258713, 42.450811, Jesse rules. This is going to be great!
49ersCryssy, Fri Apr 24 02:01:14 +0000 2020, -79.272570, 43.629311, da fuq?
ItsM_E_Z, Fri Apr 24 02:01:15 +0000 2020, -74.420015, 40.676505, @baeleek Feel like we alll capable of deep conversations it‚Äôs just a matter if we wanna have a deep conversation with that person
SiiireYKMG, Fri Apr 24 02:01:15 +0000 2020, -77.904653, 40.802836, Kinlaw wow amazing story.
britshaniece, Fri Apr 24 02:01:15 +0000 2020, -73.968542, 40.780709, Damn. It‚Äôs really wicked out here smh.
dstarpro, Fri Apr 24 02:01:15 +0000 2020, -73.669450, 40.588623, Tom, I hate you so much for fucking with Darcy's head again like this. You've been cruel enough, why can't you just‚Ä¶ https://t.co/iXCwCJYRmh
grammartable, Fri Apr 24 02:01:15 +0000 2020, -73.968542, 40.780709, @kocakwords @EllenJovin I know, and that seems crazy to me.
sexytmbackfrmdm, Fri Apr 24 02:01:16 +0000 2020, -78.948208, 43.748102, He wasn‚Äôt for me period
southboy_717, Fri Apr 24 02:01:16 +0000 2020, -77.604684, 41.117936, Felt This üôèüèæ
LeahSexii, Fri Apr 24 02:01:17 +0000 2020, -77.604684, 41.117936, @zo_studios If only
casey62975, Fri Apr 24 02:01:17 +0000 2020, -74.185292, 41.318312, @NJFinFan62 @Brady_216 Agreed..
ElaineRonson, Fri Apr 24 02:01:19 +0000 2020, -75.770041, 42.746617, @davidmweissman I can‚Äôt even begin to imagine your pain.
iris4justice, Fri Apr 24 02:01:19 +0000 2020, -73.831187, 40.670879, @senatemajldr The jobs are there BUT the unemployment. Insurance must be fixed.Sitting at home,doing NOTHING &amp; gett‚Ä¶ https://t.co/zYi43egI0z
ErrrbearX, Fri Apr 24 02:01:19 +0000 2020, -79.761426, 40.494116, me and @baaaay24 got our 1st tattoos five years ago. lil baby us had no clue how many more we‚Äôd get together ü§™
Teamkiem, Fri Apr 24 02:01:19 +0000 2020, -73.948775, 40.655138, @DJSirDaniel @stevejohnsr https://t.co/btHmVhP2HI
joeycongi98, Fri Apr 24 02:01:19 +0000 2020, -79.565792, 43.837104, On the carpet, no less. Shm
HollerTV, Fri Apr 24 02:01:19 +0000 2020, -79.272570, 43.629311, Wowww
PoeBoyPelle, Fri Apr 24 02:01:19 +0000 2020, -74.012066, 40.888461, @TroyLLF yea that made no sense needed to replace sanders smh
AllKindsWeather, Fri Apr 24 02:01:19 +0000 2020, -74.294602, 40.846404, @jenafish17 Rounds 2 &amp; 3 are tomorrow night.
TheDonDrew, Fri Apr 24 02:01:19 +0000 2020, -74.162658, 40.792103, No. Sit tight. WR are falling. Don‚Äôt give up capital. We need all the players we can get. Quantity AND QUALITY
allyzielinski, Fri Apr 24 02:01:20 +0000 2020, -75.770041, 42.746617, 6. motionless in white
BDiddy_1, Fri Apr 24 02:01:21 +0000 2020, -73.831187, 40.670879, @AZCardinals Damn Kliffü•∂ü•∂ü•∂ü•∂
SezginEminolu1, Fri Apr 24 02:01:21 +0000 2020, -79.430018, 42.847226, 1-#ermenisoykƒ±rƒ±mƒ± osmanlƒ± T√ºrk tarihinde istenmeyen olaylara ≈üahit olduk ve var olmak veya yok olmak m√ºcadelesine‚Ä¶ https://t.co/zEYPIOJXMa
fpiluso1, Fri Apr 24 02:01:21 +0000 2020, -77.604684, 41.117936, @mikeynelms @nick_kaiser1 @Eagles Hopefully I‚Äôm wrong! Usually when I say this stuff good things happen. So I‚Äôll stick to it
caladoleo, Fri Apr 24 02:01:21 +0000 2020, -79.272570, 43.629311, @claytovarela RT AQUI @BBBelissima @whomath please
nicmontanino, Fri Apr 24 02:01:22 +0000 2020, -73.450516, 40.678643, I did it y‚Äôall I cut my hair. Go to snapchat to see final product
RealFrianBreind, Fri Apr 24 02:01:22 +0000 2020, -77.604684, 41.117936, Why is Goodell continuing to read from the card in his hand... my man you're getting all the info from the computer‚Ä¶ https://t.co/6ackYIdQMJ
lovekjc_x, Fri Apr 24 02:01:23 +0000 2020, -73.948775, 40.655138, Napped for 2 hours then I‚Äôm going to question why I‚Äôm still up at 5am later ü§¶üèª‚Äç‚ôÄÔ∏è
JACKYRITTLINGER, Fri Apr 24 02:01:22 +0000 2020, -72.683827, 41.864073, https://t.co/BX7Ed7NHIb
theone_desired, Fri Apr 24 02:01:23 +0000 2020, -80.181835, 38.920142, Did I use a blanket as a backdrop for these selfies? Yes. https://t.co/PpWjvY2jlf
younggrandma__, Fri Apr 24 02:01:23 +0000 2020, -73.849441, 40.850347, @astasiamyler in a tweet
gabiipdo, Fri Apr 24 02:01:24 +0000 2020, -73.412972, 41.568145, @nalonduda @leleeegomes Demais n√©
Slim_jimmy92, Fri Apr 24 02:01:24 +0000 2020, -73.831187, 40.670879, @BeniVeliu47 That would be fuckin legendary
KingBreezy_bish, Fri Apr 24 02:01:24 +0000 2020, -78.853563, 42.896230, I‚Äôd rather be solo than tryna make it happen with someone who ain‚Äôt on the same page as me.
helenfilipe, Fri Apr 24 02:01:24 +0000 2020, -79.662015, 43.548050, During these difficult days I want to support my students anyway I can. First week of "Mindful Leadership" Zoom cla‚Ä¶ https://t.co/kuvGzT27P3
JamesAlba32, Fri Apr 24 02:01:24 +0000 2020, -73.254595, 40.728907, @Cav_Or_Nah_1994 JD making calls if one of these guys falls to 18-20 range?
MarkTical9140, Fri Apr 24 02:01:24 +0000 2020, -73.862078, 41.368479, ü§îü§îü§î https://t.co/NLmRwRSsLO
_vishNchips_, Fri Apr 24 02:01:25 +0000 2020, -73.968542, 40.780709, I‚Äôm not mad...but definitely confused
itsmattiebitchz, Fri Apr 24 02:01:25 +0000 2020, -73.972455, 40.848333, I don‚Äôt .... think I do
TennysonTV, Fri Apr 24 02:01:25 +0000 2020, -74.091037, 40.821189, These draftees have some nice houses üëÄ #NFLDraft
justrighthomes, Fri Apr 24 02:01:26 +0000 2020, -77.604684, 41.117936, Ex-Sanders campaign official Nina Turner: If Democrats want to defeat Trump they need more 'excitement' https://t.co/OTXZ9ESoFp
OSAMA__01, Fri Apr 24 02:01:26 +0000 2020, -74.724323, 40.073041, @FatomaM84532280 ÿßŸÑŸÑŸáŸÖ ÿßŸÖŸäŸÜ Ÿäÿßÿ±ÿ®
Christian_J_D_M, Fri Apr 24 02:01:26 +0000 2020, -73.254595, 40.728907, @TalkJetsRadio Great Pick! D‚ÄôBrick 2.0!
emilyak, Fri Apr 24 02:01:27 +0000 2020, -73.948775, 40.655138, Iconic https://t.co/FHqqPxwgVn
Wine1011, Fri Apr 24 02:01:27 +0000 2020, -72.912647, 41.345603, Onward &amp; Upward‚ÄúOnward means moving forward without looking back, and upward means having a goal of continued self‚Ä¶ https://t.co/1bxl26dQrh
